Time/BA(s);RefinedPose;ConstPose;IgnoredPose;RefinedPts;ConstPts;IgnoredPts;RefinedK;ConstK;IgnoredK;ResidualBlocks;SuccessIteration;BadIteration;InitRMSE;FinalRMSE;d=-1;d=0;d=1;d=2;d=3;d=4;d=5;d=6;d=7;d=8;d=9;d=10+;
0.0032047;2;0;0;264;0;0;0;1;0;528;4;0;0.195654;0.145612;0;0;0;0;0;0;0;0;0;0;0;0;
0.0653506;3;0;0;1096;0;0;1;0;0;2192;29;0;0.200504;0.128576;0;0;0;0;0;0;0;0;0;0;0;0;
0.0406008;4;0;0;1512;0;0;1;0;0;3024;14;0;0.247082;0.184108;0;0;0;0;0;0;0;0;0;0;0;0;
0.140916;5;0;0;1811;0;0;1;0;0;3622;51;0;0.261553;0.185677;0;0;0;0;0;0;0;0;0;0;0;0;
