Time/BA(s);RefinedPose;ConstPose;IgnoredPose;RefinedPts;ConstPts;IgnoredPts;RefinedK;ConstK;IgnoredK;ResidualBlocks;SuccessIteration;BadIteration;InitRMSE;FinalRMSE;d=-1;d=0;d=1;d=2;d=3;d=4;d=5;d=6;d=7;d=8;d=9;d=10+;
0.0127675;2;0;0;2;0;0;0;1;0;4;3;0;0.0984682;1.05043e-10;0;0;0;0;0;0;0;0;0;0;0;0;
0.0077202;2;0;0;12;0;0;0;1;0;24;50;1;0.509133;0.0912502;0;0;0;0;0;0;0;0;0;0;0;0;
0.0008424;2;0;0;0;0;0;0;1;0;0;18446744073709551615;18446744073709551615;-nan(ind);-nan(ind);0;0;0;0;0;0;0;0;0;0;0;0;
0.0016237;2;0;0;6;0;0;0;1;0;12;8;0;0.583259;1.77975e-09;0;0;0;0;0;0;0;0;0;0;0;0;
0.0012056;2;0;0;4;0;0;0;1;0;8;4;0;0.427119;1.09691e-07;0;0;0;0;0;0;0;0;0;0;0;0;
0.0010384;2;0;0;2;0;0;0;1;0;4;3;0;0.355884;7.45476e-10;0;0;0;0;0;0;0;0;0;0;0;0;
