Time/BA(s);RefinedPose;ConstPose;IgnoredPose;RefinedPts;ConstPts;IgnoredPts;RefinedK;ConstK;IgnoredK;ResidualBlocks;SuccessIteration;BadIteration;InitRMSE;FinalRMSE;d=-1;d=0;d=1;d=2;d=3;d=4;d=5;d=6;d=7;d=8;d=9;d=10+;
0.0013804;2;0;0;2;0;0;0;1;0;4;3;0;0.521412;2.75062e-09;0;0;0;0;0;0;0;0;0;0;0;0;
0.0079341;2;0;0;1052;0;0;0;1;0;2104;5;0;0.0999346;0.0960308;0;0;0;0;0;0;0;0;0;0;0;0;
0.169978;3;0;0;1719;0;0;1;0;0;3438;51;0;0.196447;0.116572;0;0;0;0;0;0;0;0;0;0;0;0;
0.0527751;4;0;0;2423;0;0;1;0;0;4846;11;0;0.200325;0.154185;0;0;0;0;0;0;0;0;0;0;0;0;
